Test ID,Cloud,Category,Component,Test Scenario,Preconditions,Test Steps,Expected Result,Priority,Automation Candidate,Result (Pass/Fail),P1: MvP,P2: Enhancements,P3: Hardening,Comments,Source TC ID,Requirement IDs,Gap Type,Existing Match,V1/V2 Scope,V1 ID
T0001,AWS,Installation & Upgrade,Helm install operator,Validate Helm install operator on AWS,Cluster and operator installed,Execute workflow for Helm install operator and observe reconciliation,Operator converges desired and actual state without errors,Medium,Yes,,,,,,,,Existing,,AWS-followon,
T0002,AWS,Installation & Upgrade,CRD installation,Validate CRD installation on AWS,Cluster and operator installed,Execute workflow for CRD installation and observe reconciliation,Operator converges desired and actual state without errors,Medium,Yes,,,,,,,,Existing,,AWS-followon,
T0003,AWS,Installation & Upgrade,Operator restart recovery,Validate Operator restart recovery on AWS,Cluster and operator installed,Execute workflow for Operator restart recovery and observe reconciliation,Operator converges desired and actual state without errors,Medium,Yes,,,,,,,,Existing,,AWS-followon,
T0004,AWS,Installation & Upgrade,Upgrade operator version,Validate Upgrade operator version on AWS,Cluster and operator installed,Execute workflow for Upgrade operator version and observe reconciliation,Operator converges desired and actual state without errors,Medium,Yes,,,,,,,,Existing,,AWS-followon,
T0005,AWS,Installation & Upgrade,Rollback operator version,Validate Rollback operator version on AWS,Cluster and operator installed,Execute workflow for Rollback operator version and observe reconciliation,Operator converges desired and actual state without errors,Medium,Yes,,,,,,,,Existing,,AWS-followon,
T0006,AWS,Installation & Upgrade,Namespace isolation,Validate Namespace isolation on AWS,Cluster and operator installed,Execute workflow for Namespace isolation and observe reconciliation,Operator converges desired and actual state without errors,Medium,Yes,,,,,,,,Existing,,AWS-followon,
T0007,AWS,Installation & Upgrade,RBAC validation,Validate RBAC validation on AWS,Cluster and operator installed,Execute workflow for RBAC validation and observe reconciliation,Operator converges desired and actual state without errors,Medium,Yes,,,,,,,,Existing,,AWS-followon,
T0008,AWS,Installation & Upgrade,Multi-cluster deployment,Validate Multi-cluster deployment on AWS,Cluster and operator installed,Execute workflow for Multi-cluster deployment and observe reconciliation,Operator converges desired and actual state without errors,Medium,Yes,,,,,,,,Existing,,AWS-followon,
T0009,AWS,Standalone Deployment,Create standalone instance,Validate Create standalone instance on AWS,Cluster and operator installed,Execute workflow for Create standalone instance and observe reconciliation,Operator converges desired and actual state without errors,Medium,Yes,,,,,,,,Existing,,AWS-followon,
T0010,AWS,Standalone Deployment,Scale storage,Validate Scale storage on AWS,Cluster and operator installed,Execute workflow for Scale storage and observe reconciliation,Operator converges desired and actual state without errors,Medium,Yes,,,,,,,,Existing,,AWS-followon,
T0011,AWS,Standalone Deployment,Secret rotation,Validate Secret rotation on AWS,Cluster and operator installed,Execute workflow for Secret rotation and observe reconciliation,Operator converges desired and actual state without errors,Medium,Yes,,,,,,,,Existing,,AWS-followon,
T0012,AWS,Standalone Deployment,Image version upgrade,Validate Image version upgrade on AWS,Cluster and operator installed,Execute workflow for Image version upgrade and observe reconciliation,Operator converges desired and actual state without errors,Medium,Yes,,,,,,,,Existing,,AWS-followon,
T0013,AWS,Standalone Deployment,Resource limits,Validate Resource limits on AWS,Cluster and operator installed,Execute workflow for Resource limits and observe reconciliation,Operator converges desired and actual state without errors,Medium,Yes,,,,,,,,Existing,,AWS-followon,
T0014,AWS,Standalone Deployment,Node failure recovery,Validate Node failure recovery on AWS,Cluster and operator installed,Execute workflow for Node failure recovery and observe reconciliation,Operator converges desired and actual state without errors,Medium,Yes,,,,,,,,Existing,,AWS-followon,
T0015,AWS,Standalone Deployment,PVC retention,Validate PVC retention on AWS,Cluster and operator installed,Execute workflow for PVC retention and observe reconciliation,Operator converges desired and actual state without errors,Medium,Yes,,,,,,,,Existing,,AWS-followon,
T0016,AWS,Standalone Deployment,Config change reconciliation,Validate Config change reconciliation on AWS,Cluster and operator installed,Execute workflow for Config change reconciliation and observe reconciliation,Operator converges desired and actual state without errors,Medium,Yes,,,,,,,,Existing,,AWS-followon,
T0017,AWS,Cluster Deployment,3-node cluster creation,Validate 3-node cluster creation on AWS,Cluster and operator installed,Execute workflow for 3-node cluster creation and observe reconciliation,Operator converges desired and actual state without errors,High,Yes,,,,,,,,Existing,,AWS-followon,
T0018,AWS,Cluster Deployment,5-node cluster creation,Validate 5-node cluster creation on AWS,Cluster and operator installed,Execute workflow for 5-node cluster creation and observe reconciliation,Operator converges desired and actual state without errors,High,Yes,,,,,,,,Existing,,AWS-followon,
T0019,AWS,Cluster Deployment,Cluster scale out,Validate Cluster scale out on AWS,Cluster and operator installed,Execute workflow for Cluster scale out and observe reconciliation,Operator converges desired and actual state without errors,High,Yes,,,,,,,,Existing,,AWS-followon,
T0020,AWS,Cluster Deployment,Cluster scale in,Validate Cluster scale in on AWS,Cluster and operator installed,Execute workflow for Cluster scale in and observe reconciliation,Operator converges desired and actual state without errors,High,Yes,,,,,,,,Existing,,AWS-followon,
T0021,AWS,Cluster Deployment,Rolling restart,Validate Rolling restart on AWS,Cluster and operator installed,Execute workflow for Rolling restart and observe reconciliation,Operator converges desired and actual state without errors,High,Yes,,,,,,,,Existing,,AWS-followon,
T0022,AWS,Cluster Deployment,TLS enabled cluster,Validate TLS enabled cluster on AWS,Cluster and operator installed,Execute workflow for TLS enabled cluster and observe reconciliation,Operator converges desired and actual state without errors,High,Yes,,,,,,,,Existing,,AWS-followon,
T0023,AWS,Cluster Deployment,Cross-zone scheduling,Validate Cross-zone scheduling on AWS,Cluster and operator installed,Execute workflow for Cross-zone scheduling and observe reconciliation,Operator converges desired and actual state without errors,High,Yes,,,,,,,,Existing,,AWS-followon,
T0024,AWS,Cluster Deployment,Split-brain prevention,Validate Split-brain prevention on AWS,Cluster and operator installed,Execute workflow for Split-brain prevention and observe reconciliation,Operator converges desired and actual state without errors,High,Yes,,,,,,,,Existing,,AWS-followon,
T0025,AWS,Database CRD,Create database,Validate Create database on AWS,Cluster and operator installed,Execute workflow for Create database and observe reconciliation,Operator converges desired and actual state without errors,Medium,Yes,,,,,,,,Existing,,AWS-followon,
T0026,AWS,Database CRD,Topology changes,Validate Topology changes on AWS,Cluster and operator installed,Execute workflow for Topology changes and observe reconciliation,Operator converges desired and actual state without errors,Medium,Yes,,,,,,,,Existing,,AWS-followon,
T0027,AWS,Database CRD,Initial Cypher seed,Validate Initial Cypher seed on AWS,Cluster and operator installed,Execute workflow for Initial Cypher seed and observe reconciliation,Operator converges desired and actual state without errors,Medium,Yes,,,,,,,,Existing,,AWS-followon,
T0028,AWS,Database CRD,Database deletion,Validate Database deletion on AWS,Cluster and operator installed,Execute workflow for Database deletion and observe reconciliation,Operator converges desired and actual state without errors,Medium,Yes,,,,,,,,Existing,,AWS-followon,
T0029,AWS,Database CRD,ifNotExists behavior,Validate ifNotExists behavior on AWS,Cluster and operator installed,Execute workflow for ifNotExists behavior and observe reconciliation,Operator converges desired and actual state without errors,Medium,Yes,,,,,,,,Existing,,AWS-followon,
T0030,AWS,Database CRD,Wait semantics,Validate Wait semantics on AWS,Cluster and operator installed,Execute workflow for Wait semantics and observe reconciliation,Operator converges desired and actual state without errors,Medium,Yes,,,,,,,,Existing,,AWS-followon,
T0031,AWS,Database CRD,Concurrent database creation,Validate Concurrent database creation on AWS,Cluster and operator installed,Execute workflow for Concurrent database creation and observe reconciliation,Operator converges desired and actual state without errors,Medium,Yes,,,,,,,,Existing,,AWS-followon,
T0032,AWS,Security,Admin secret rotation,Validate Admin secret rotation on AWS,Cluster and operator installed,Execute workflow for Admin secret rotation and observe reconciliation,Operator converges desired and actual state without errors,High,Yes,,,,,,,,Existing,,AWS-followon,
T0033,AWS,Security,Native auth,Validate Native auth on AWS,Cluster and operator installed,Execute workflow for Native auth and observe reconciliation,Operator converges desired and actual state without errors,High,Yes,,,,,,,,Existing,,AWS-followon,
T0034,AWS,Security,Role creation,Validate Role creation on AWS,Cluster and operator installed,Execute workflow for Role creation and observe reconciliation,Operator converges desired and actual state without errors,High,Yes,,,,,,,,Existing,,AWS-followon,
T0035,AWS,Security,User creation,Validate User creation on AWS,Cluster and operator installed,Execute workflow for User creation and observe reconciliation,Operator converges desired and actual state without errors,High,Yes,,,,,,,,Existing,,AWS-followon,
T0036,AWS,Security,Role binding,Validate Role binding on AWS,Cluster and operator installed,Execute workflow for Role binding and observe reconciliation,Operator converges desired and actual state without errors,High,Yes,,,,,,,,Existing,,AWS-followon,
T0037,AWS,Security,Privilege reconciliation,Validate Privilege reconciliation on AWS,Cluster and operator installed,Execute workflow for Privilege reconciliation and observe reconciliation,Operator converges desired and actual state without errors,High,Yes,,,,,,,,Existing,,AWS-followon,
T0038,AWS,Security,TLS cert rotation,Validate TLS cert rotation on AWS,Cluster and operator installed,Execute workflow for TLS cert rotation and observe reconciliation,Operator converges desired and actual state without errors,High,Yes,,,,,,,,Existing,,AWS-followon,
T0039,AWS,Security,Network policies,Validate Network policies on AWS,Cluster and operator installed,Execute workflow for Network policies and observe reconciliation,Operator converges desired and actual state without errors,High,Yes,,,,,,,,Existing,,AWS-followon,
T0040,AWS,Plugins,APOC install,Validate APOC install on AWS,Cluster and operator installed,Execute workflow for APOC install and observe reconciliation,Operator converges desired and actual state without errors,Medium,Yes,,,,,,,,Existing,,AWS-followon,
T0041,AWS,Plugins,Plugin upgrade,Validate Plugin upgrade on AWS,Cluster and operator installed,Execute workflow for Plugin upgrade and observe reconciliation,Operator converges desired and actual state without errors,Medium,Yes,,,,,,,,Existing,,AWS-followon,
T0042,AWS,Plugins,Plugin removal,Validate Plugin removal on AWS,Cluster and operator installed,Execute workflow for Plugin removal and observe reconciliation,Operator converges desired and actual state without errors,Medium,Yes,,,,,,,,Existing,,AWS-followon,
T0043,AWS,Plugins,Plugin reconciliation,Validate Plugin reconciliation on AWS,Cluster and operator installed,Execute workflow for Plugin reconciliation and observe reconciliation,Operator converges desired and actual state without errors,Medium,Yes,,,,,,,,Existing,,AWS-followon,
T0044,AWS,Backup & Restore,Scheduled backup,Validate Scheduled backup on AWS,Cluster and operator installed,Execute workflow for Scheduled backup and observe reconciliation,Operator converges desired and actual state without errors,High,Yes,,,,,,,,Existing,,AWS-followon,
T0045,AWS,Backup & Restore,On-demand backup,Validate On-demand backup on AWS,Cluster and operator installed,Execute workflow for On-demand backup and observe reconciliation,Operator converges desired and actual state without errors,High,Yes,,,,,,,,Existing,,AWS-followon,
T0046,AWS,Backup & Restore,Restore full backup,Validate Restore full backup on AWS,Cluster and operator installed,Execute workflow for Restore full backup and observe reconciliation,Operator converges desired and actual state without errors,High,Yes,,,,,,,,Existing,,AWS-followon,
T0047,AWS,Backup & Restore,Point-in-time recovery,Validate Point-in-time recovery on AWS,Cluster and operator installed,Execute workflow for Point-in-time recovery and observe reconciliation,Operator converges desired and actual state without errors,High,Yes,,,,,,,,Existing,,AWS-followon,
T0048,AWS,Backup & Restore,Backup failure handling,Validate Backup failure handling on AWS,Cluster and operator installed,Execute workflow for Backup failure handling and observe reconciliation,Operator converges desired and actual state without errors,High,Yes,,,,,,,,Existing,,AWS-followon,
T0049,AWS,Backup & Restore,Cross-region restore,Validate Cross-region restore on AWS,Cluster and operator installed,Execute workflow for Cross-region restore and observe reconciliation,Operator converges desired and actual state without errors,High,Yes,,,,,,,,Existing,,AWS-followon,
T0050,AWS,Sharded Databases,Create sharded database,Validate Create sharded database on AWS,Cluster and operator installed,Execute workflow for Create sharded database and observe reconciliation,Operator converges desired and actual state without errors,Medium,Yes,,,,,,,,Existing,,AWS-followon,
T0051,AWS,Sharded Databases,Shard rebalance,Validate Shard rebalance on AWS,Cluster and operator installed,Execute workflow for Shard rebalance and observe reconciliation,Operator converges desired and actual state without errors,Medium,Yes,,,,,,,,Existing,,AWS-followon,
T0052,AWS,Sharded Databases,Shard failure recovery,Validate Shard failure recovery on AWS,Cluster and operator installed,Execute workflow for Shard failure recovery and observe reconciliation,Operator converges desired and actual state without errors,Medium,Yes,,,,,,,,Existing,,AWS-followon,
T0053,AWS,Observability,Metrics exposure,Validate Metrics exposure on AWS,Cluster and operator installed,Execute workflow for Metrics exposure and observe reconciliation,Operator converges desired and actual state without errors,Medium,Yes,,,,,,,,Existing,,AWS-followon,
T0054,AWS,Observability,Prometheus scraping,Validate Prometheus scraping on AWS,Cluster and operator installed,Execute workflow for Prometheus scraping and observe reconciliation,Operator converges desired and actual state without errors,Medium,Yes,,,,,,,,Existing,,AWS-followon,
T0055,AWS,Observability,Health status updates,Validate Health status updates on AWS,Cluster and operator installed,Execute workflow for Health status updates and observe reconciliation,Operator converges desired and actual state without errors,Medium,Yes,,,,,,,,Existing,,AWS-followon,
T0056,AWS,Observability,Diagnostics collection,Validate Diagnostics collection on AWS,Cluster and operator installed,Execute workflow for Diagnostics collection and observe reconciliation,Operator converges desired and actual state without errors,Medium,Yes,,,,,,,,Existing,,AWS-followon,
T0057,AWS,Observability,Log aggregation,Validate Log aggregation on AWS,Cluster and operator installed,Execute workflow for Log aggregation and observe reconciliation,Operator converges desired and actual state without errors,Medium,Yes,,,,,,,,Existing,,AWS-followon,
T0058,AWS,Observability,Alert generation,Validate Alert generation on AWS,Cluster and operator installed,Execute workflow for Alert generation and observe reconciliation,Operator converges desired and actual state without errors,Medium,Yes,,,,,,,,Existing,,AWS-followon,
T0059,AWS,Failure & Resilience,Pod crash recovery,Validate Pod crash recovery on AWS,Cluster and operator installed,Execute workflow for Pod crash recovery and observe reconciliation,Operator converges desired and actual state without errors,High,Yes,,,,,,,,Existing,,AWS-followon,
T0060,AWS,Failure & Resilience,Node drain,Validate Node drain on AWS,Cluster and operator installed,Execute workflow for Node drain and observe reconciliation,Operator converges desired and actual state without errors,High,Yes,,,,,,,,Existing,,AWS-followon,
T0061,AWS,Failure & Resilience,AZ failure,Validate AZ failure on AWS,Cluster and operator installed,Execute workflow for AZ failure and observe reconciliation,Operator converges desired and actual state without errors,High,Yes,,,,,,,,Existing,,AWS-followon,
T0062,AWS,Failure & Resilience,Storage latency,Validate Storage latency on AWS,Cluster and operator installed,Execute workflow for Storage latency and observe reconciliation,Operator converges desired and actual state without errors,High,Yes,,,,,,,,Existing,,AWS-followon,
T0063,AWS,Failure & Resilience,K8s API outage,Validate K8s API outage on AWS,Cluster and operator installed,Execute workflow for K8s API outage and observe reconciliation,Operator converges desired and actual state without errors,High,Yes,,,,,,,,Existing,,AWS-followon,
T0064,AWS,Failure & Resilience,Neo4j process crash,Validate Neo4j process crash on AWS,Cluster and operator installed,Execute workflow for Neo4j process crash and observe reconciliation,Operator converges desired and actual state without errors,High,Yes,,,,,,,,Existing,,AWS-followon,
T0065,AWS,Failure & Resilience,Secret deletion recovery,Validate Secret deletion recovery on AWS,Cluster and operator installed,Execute workflow for Secret deletion recovery and observe reconciliation,Operator converges desired and actual state without errors,High,Yes,,,,,,,,Existing,,AWS-followon,
T0066,AWS,Performance & Scale,100 databases,Validate 100 databases on AWS,Cluster and operator installed,Execute workflow for 100 databases and observe reconciliation,Operator converges desired and actual state without errors,Medium,Yes,,,,,,,,Existing,,AWS-followon,
T0067,AWS,Performance & Scale,1000 users,Validate 1000 users on AWS,Cluster and operator installed,Execute workflow for 1000 users and observe reconciliation,Operator converges desired and actual state without errors,Medium,Yes,,,,,,,,Existing,,AWS-followon,
T0068,AWS,Performance & Scale,Large graph load,Validate Large graph load on AWS,Cluster and operator installed,Execute workflow for Large graph load and observe reconciliation,Operator converges desired and actual state without errors,Medium,Yes,,,,,,,,Existing,,AWS-followon,
T0069,AWS,Performance & Scale,Concurrent reconciles,Validate Concurrent reconciles on AWS,Cluster and operator installed,Execute workflow for Concurrent reconciles and observe reconciliation,Operator converges desired and actual state without errors,Medium,Yes,,,,,,,,Existing,,AWS-followon,
T0070,AWS,Performance & Scale,Operator memory usage,Validate Operator memory usage on AWS,Cluster and operator installed,Execute workflow for Operator memory usage and observe reconciliation,Operator converges desired and actual state without errors,Medium,Yes,,,,,,,,Existing,,AWS-followon,
T0071,AWS,Performance & Scale,Operator CPU usage,Validate Operator CPU usage on AWS,Cluster and operator installed,Execute workflow for Operator CPU usage and observe reconciliation,Operator converges desired and actual state without errors,Medium,Yes,,,,,,,,Existing,,AWS-followon,
T0072,AWS,Cloud Specific,Load balancer integration,Validate Load balancer integration on AWS,Cluster and operator installed,Execute workflow for Load balancer integration and observe reconciliation,Operator converges desired and actual state without errors,Medium,Yes,,,,,,,,Existing,,AWS-followon,
T0073,AWS,Cloud Specific,Managed disk expansion,Validate Managed disk expansion on AWS,Cluster and operator installed,Execute workflow for Managed disk expansion and observe reconciliation,Operator converges desired and actual state without errors,Medium,Yes,,,,,,,,Existing,,AWS-followon,
T0074,AWS,Cloud Specific,CSI snapshots,Validate CSI snapshots on AWS,Cluster and operator installed,Execute workflow for CSI snapshots and observe reconciliation,Operator converges desired and actual state without errors,Medium,Yes,,,,,,,,Existing,,AWS-followon,
T0075,AWS,Cloud Specific,IAM/Workload identity integration,Validate IAM/Workload identity integration on AWS,Cluster and operator installed,Execute workflow for IAM/Workload identity integration and observe reconciliation,Operator converges desired and actual state without errors,Medium,Yes,,,,,,,,Existing,,AWS-followon,
T0076,AWS,Cloud Specific,Private cluster networking,Validate Private cluster networking on AWS,Cluster and operator installed,Execute workflow for Private cluster networking and observe reconciliation,Operator converges desired and actual state without errors,Medium,Yes,,,,,,,,Existing,,AWS-followon,
T0077,Azure,Installation & Upgrade,Helm install operator,Validate Helm install operator on Azure,Cluster and operator installed,Execute workflow for Helm install operator and observe reconciliation,Operator converges desired and actual state without errors,Medium,Yes,,,,,,,,Existing,,V1,V1-001
T0078,Azure,Installation & Upgrade,CRD installation,Validate CRD installation on Azure,Cluster and operator installed,Execute workflow for CRD installation and observe reconciliation,Operator converges desired and actual state without errors,Medium,Yes,,,,,,,,Existing,,V1,V1-002
T0079,Azure,Installation & Upgrade,Operator restart recovery,Validate Operator restart recovery on Azure,Cluster and operator installed,Execute workflow for Operator restart recovery and observe reconciliation,Operator converges desired and actual state without errors,Medium,Yes,,,,,,,,Existing,,V1,V1-003
T0080,Azure,Installation & Upgrade,Upgrade operator version,Validate Upgrade operator version on Azure,Cluster and operator installed,Execute workflow for Upgrade operator version and observe reconciliation,Operator converges desired and actual state without errors,Medium,Yes,,,,,,,,Existing,,V1,V1-050
T0081,Azure,Installation & Upgrade,Rollback operator version,Validate Rollback operator version on Azure,Cluster and operator installed,Execute workflow for Rollback operator version and observe reconciliation,Operator converges desired and actual state without errors,Medium,Yes,,,,,,,,Existing,,V1,V1-051
T0082,Azure,Installation & Upgrade,Namespace isolation,Validate Namespace isolation on Azure,Cluster and operator installed,Execute workflow for Namespace isolation and observe reconciliation,Operator converges desired and actual state without errors,Medium,Yes,,,,,,,,Existing,,V1,V1-004
T0083,Azure,Installation & Upgrade,RBAC validation,Validate RBAC validation on Azure,Cluster and operator installed,Execute workflow for RBAC validation and observe reconciliation,Operator converges desired and actual state without errors,Medium,Yes,,,,,,,,Existing,,V1,V1-005
T0084,Azure,Installation & Upgrade,Multi-cluster deployment,Validate Multi-cluster deployment on Azure,Cluster and operator installed,Execute workflow for Multi-cluster deployment and observe reconciliation,Operator converges desired and actual state without errors,Medium,Yes,,,,,,,,Existing,,V1-Hardening,
T0085,Azure,Standalone Deployment,Create standalone instance,Validate Create standalone instance on Azure,Cluster and operator installed,Execute workflow for Create standalone instance and observe reconciliation,Operator converges desired and actual state without errors,Medium,Yes,,,,,,,,Existing,,V1,V1-011
T0086,Azure,Standalone Deployment,Scale storage,Validate Scale storage on Azure,Cluster and operator installed,Execute workflow for Scale storage and observe reconciliation,Operator converges desired and actual state without errors,Medium,Yes,,,,,,,,Existing,,V1,V1-014
T0087,Azure,Standalone Deployment,Secret rotation,Validate Secret rotation on Azure,Cluster and operator installed,Execute workflow for Secret rotation and observe reconciliation,Operator converges desired and actual state without errors,Medium,Yes,,,,,,,,Existing,,V1,V1-016
T0088,Azure,Standalone Deployment,Image version upgrade,Validate Image version upgrade on Azure,Cluster and operator installed,Execute workflow for Image version upgrade and observe reconciliation,Operator converges desired and actual state without errors,Medium,Yes,,,,,,,,Existing,,V1,V1-013
T0089,Azure,Standalone Deployment,Resource limits,Validate Resource limits on Azure,Cluster and operator installed,Execute workflow for Resource limits and observe reconciliation,Operator converges desired and actual state without errors,Medium,Yes,,,,,,,,Existing,,V1,V1-012
T0090,Azure,Standalone Deployment,Node failure recovery,Validate Node failure recovery on Azure,Cluster and operator installed,Execute workflow for Node failure recovery and observe reconciliation,Operator converges desired and actual state without errors,Medium,Yes,,,,,,,,Existing,,V1,V1-052
T0091,Azure,Standalone Deployment,PVC retention,Validate PVC retention on Azure,Cluster and operator installed,Execute workflow for PVC retention and observe reconciliation,Operator converges desired and actual state without errors,Medium,Yes,,,,,,,,Existing,,V2,
T0092,Azure,Standalone Deployment,Config change reconciliation,Validate Config change reconciliation on Azure,Cluster and operator installed,Execute workflow for Config change reconciliation and observe reconciliation,Operator converges desired and actual state without errors,Medium,Yes,,,,,,,,Existing,,V1,V1-015
T0093,Azure,Cluster Deployment,3-node cluster creation,Validate 3-node cluster creation on Azure,Cluster and operator installed,Execute workflow for 3-node cluster creation and observe reconciliation,Operator converges desired and actual state without errors,High,Yes,,,,,,,,Existing,,V1,V1-021
T0094,Azure,Cluster Deployment,5-node cluster creation,Validate 5-node cluster creation on Azure,Cluster and operator installed,Execute workflow for 5-node cluster creation and observe reconciliation,Operator converges desired and actual state without errors,High,Yes,,,,,,,,Existing,,V1,V1-022
T0095,Azure,Cluster Deployment,Cluster scale out,Validate Cluster scale out on Azure,Cluster and operator installed,Execute workflow for Cluster scale out and observe reconciliation,Operator converges desired and actual state without errors,High,Yes,,,,,,,,Existing,,V1,V1-023
T0096,Azure,Cluster Deployment,Cluster scale in,Validate Cluster scale in on Azure,Cluster and operator installed,Execute workflow for Cluster scale in and observe reconciliation,Operator converges desired and actual state without errors,High,Yes,,,,,,,,Existing,,V1,V1-024
T0097,Azure,Cluster Deployment,Rolling restart,Validate Rolling restart on Azure,Cluster and operator installed,Execute workflow for Rolling restart and observe reconciliation,Operator converges desired and actual state without errors,High,Yes,,,,,,,,Existing,,V1,V1-025
T0098,Azure,Cluster Deployment,TLS enabled cluster,Validate TLS enabled cluster on Azure,Cluster and operator installed,Execute workflow for TLS enabled cluster and observe reconciliation,Operator converges desired and actual state without errors,High,Yes,,,,,,,,Existing,,V1,V1-035
T0099,Azure,Cluster Deployment,Cross-zone scheduling,Validate Cross-zone scheduling on Azure,Cluster and operator installed,Execute workflow for Cross-zone scheduling and observe reconciliation,Operator converges desired and actual state without errors,High,Yes,,,,,,,,Existing,,V1,V1-026
T0100,Azure,Cluster Deployment,Split-brain prevention,Validate Split-brain prevention on Azure,Cluster and operator installed,Execute workflow for Split-brain prevention and observe reconciliation,Operator converges desired and actual state without errors,High,Yes,,,,,,,,Existing,,V1,V1-027
T0101,Azure,Database CRD,Create database,Validate Create database on Azure,Cluster and operator installed,Execute workflow for Create database and observe reconciliation,Operator converges desired and actual state without errors,Medium,Yes,,,,,,,,Existing,,V2,
T0102,Azure,Database CRD,Topology changes,Validate Topology changes on Azure,Cluster and operator installed,Execute workflow for Topology changes and observe reconciliation,Operator converges desired and actual state without errors,Medium,Yes,,,,,,,,Existing,,V2,
T0103,Azure,Database CRD,Initial Cypher seed,Validate Initial Cypher seed on Azure,Cluster and operator installed,Execute workflow for Initial Cypher seed and observe reconciliation,Operator converges desired and actual state without errors,Medium,Yes,,,,,,,,Existing,,V2,
T0104,Azure,Database CRD,Database deletion,Validate Database deletion on Azure,Cluster and operator installed,Execute workflow for Database deletion and observe reconciliation,Operator converges desired and actual state without errors,Medium,Yes,,,,,,,,Existing,,V2,
T0105,Azure,Database CRD,ifNotExists behavior,Validate ifNotExists behavior on Azure,Cluster and operator installed,Execute workflow for ifNotExists behavior and observe reconciliation,Operator converges desired and actual state without errors,Medium,Yes,,,,,,,,Existing,,V2,
T0106,Azure,Database CRD,Wait semantics,Validate Wait semantics on Azure,Cluster and operator installed,Execute workflow for Wait semantics and observe reconciliation,Operator converges desired and actual state without errors,Medium,Yes,,,,,,,,Existing,,V2,
T0107,Azure,Database CRD,Concurrent database creation,Validate Concurrent database creation on Azure,Cluster and operator installed,Execute workflow for Concurrent database creation and observe reconciliation,Operator converges desired and actual state without errors,Medium,Yes,,,,,,,,Existing,,V2,
T0108,Azure,Security,Admin secret rotation,Validate Admin secret rotation on Azure,Cluster and operator installed,Execute workflow for Admin secret rotation and observe reconciliation,Operator converges desired and actual state without errors,High,Yes,,,,,,,,Existing,,V1,V1-037
T0109,Azure,Security,Native auth,Validate Native auth on Azure,Cluster and operator installed,Execute workflow for Native auth and observe reconciliation,Operator converges desired and actual state without errors,High,Yes,,,,,,,,Existing,,V1,V1-038
T0110,Azure,Security,Role creation,Validate Role creation on Azure,Cluster and operator installed,Execute workflow for Role creation and observe reconciliation,Operator converges desired and actual state without errors,High,Yes,,,,,,,,Existing,,V2,
T0111,Azure,Security,User creation,Validate User creation on Azure,Cluster and operator installed,Execute workflow for User creation and observe reconciliation,Operator converges desired and actual state without errors,High,Yes,,,,,,,,Existing,,V2,
T0112,Azure,Security,Role binding,Validate Role binding on Azure,Cluster and operator installed,Execute workflow for Role binding and observe reconciliation,Operator converges desired and actual state without errors,High,Yes,,,,,,,,Existing,,V2,
T0113,Azure,Security,Privilege reconciliation,Validate Privilege reconciliation on Azure,Cluster and operator installed,Execute workflow for Privilege reconciliation and observe reconciliation,Operator converges desired and actual state without errors,High,Yes,,,,,,,,Existing,,V2,
T0114,Azure,Security,TLS cert rotation,Validate TLS cert rotation on Azure,Cluster and operator installed,Execute workflow for TLS cert rotation and observe reconciliation,Operator converges desired and actual state without errors,High,Yes,,,,,,,,Existing,,V1,V1-036
T0115,Azure,Security,Network policies,Validate Network policies on Azure,Cluster and operator installed,Execute workflow for Network policies and observe reconciliation,Operator converges desired and actual state without errors,High,Yes,,,,,,,,Existing,,V1-Hardening,
T0116,Azure,Plugins,APOC install,Validate APOC install on Azure,Cluster and operator installed,Execute workflow for APOC install and observe reconciliation,Operator converges desired and actual state without errors,Medium,Yes,,,,,,,,Existing,,V2,
T0117,Azure,Plugins,Plugin upgrade,Validate Plugin upgrade on Azure,Cluster and operator installed,Execute workflow for Plugin upgrade and observe reconciliation,Operator converges desired and actual state without errors,Medium,Yes,,,,,,,,Existing,,V2,
T0118,Azure,Plugins,Plugin removal,Validate Plugin removal on Azure,Cluster and operator installed,Execute workflow for Plugin removal and observe reconciliation,Operator converges desired and actual state without errors,Medium,Yes,,,,,,,,Existing,,V2,
T0119,Azure,Plugins,Plugin reconciliation,Validate Plugin reconciliation on Azure,Cluster and operator installed,Execute workflow for Plugin reconciliation and observe reconciliation,Operator converges desired and actual state without errors,Medium,Yes,,,,,,,,Existing,,V2,
T0120,Azure,Backup & Restore,Scheduled backup,Validate Scheduled backup on Azure,Cluster and operator installed,Execute workflow for Scheduled backup and observe reconciliation,Operator converges desired and actual state without errors,High,Yes,,,,,,,,Existing,,V2,
T0121,Azure,Backup & Restore,On-demand backup,Validate On-demand backup on Azure,Cluster and operator installed,Execute workflow for On-demand backup and observe reconciliation,Operator converges desired and actual state without errors,High,Yes,,,,,,,,Existing,,V2,
T0122,Azure,Backup & Restore,Restore full backup,Validate Restore full backup on Azure,Cluster and operator installed,Execute workflow for Restore full backup and observe reconciliation,Operator converges desired and actual state without errors,High,Yes,,,,,,,,Existing,,V2,
T0123,Azure,Backup & Restore,Point-in-time recovery,Validate Point-in-time recovery on Azure,Cluster and operator installed,Execute workflow for Point-in-time recovery and observe reconciliation,Operator converges desired and actual state without errors,High,Yes,,,,,,,,Existing,,V2,
T0124,Azure,Backup & Restore,Backup failure handling,Validate Backup failure handling on Azure,Cluster and operator installed,Execute workflow for Backup failure handling and observe reconciliation,Operator converges desired and actual state without errors,High,Yes,,,,,,,,Existing,,V2,
T0125,Azure,Backup & Restore,Cross-region restore,Validate Cross-region restore on Azure,Cluster and operator installed,Execute workflow for Cross-region restore and observe reconciliation,Operator converges desired and actual state without errors,High,Yes,,,,,,,,Existing,,V2,
T0126,Azure,Sharded Databases,Create sharded database,Validate Create sharded database on Azure,Cluster and operator installed,Execute workflow for Create sharded database and observe reconciliation,Operator converges desired and actual state without errors,Medium,Yes,,,,,,,,Existing,,V2,
T0127,Azure,Sharded Databases,Shard rebalance,Validate Shard rebalance on Azure,Cluster and operator installed,Execute workflow for Shard rebalance and observe reconciliation,Operator converges desired and actual state without errors,Medium,Yes,,,,,,,,Existing,,V2,
T0128,Azure,Sharded Databases,Shard failure recovery,Validate Shard failure recovery on Azure,Cluster and operator installed,Execute workflow for Shard failure recovery and observe reconciliation,Operator converges desired and actual state without errors,Medium,Yes,,,,,,,,Existing,,V2,
T0129,Azure,Observability,Metrics exposure,Validate Metrics exposure on Azure,Cluster and operator installed,Execute workflow for Metrics exposure and observe reconciliation,Operator converges desired and actual state without errors,Medium,Yes,,,,,,,,Existing,,V1,V1-045
T0130,Azure,Observability,Prometheus scraping,Validate Prometheus scraping on Azure,Cluster and operator installed,Execute workflow for Prometheus scraping and observe reconciliation,Operator converges desired and actual state without errors,Medium,Yes,,,,,,,,Existing,,V1,V1-046
T0131,Azure,Observability,Health status updates,Validate Health status updates on Azure,Cluster and operator installed,Execute workflow for Health status updates and observe reconciliation,Operator converges desired and actual state without errors,Medium,Yes,,,,,,,,Existing,,V1,V1-047
T0132,Azure,Observability,Diagnostics collection,Validate Diagnostics collection on Azure,Cluster and operator installed,Execute workflow for Diagnostics collection and observe reconciliation,Operator converges desired and actual state without errors,Medium,Yes,,,,,,,,Existing,,V1-Hardening,
T0133,Azure,Observability,Log aggregation,Validate Log aggregation on Azure,Cluster and operator installed,Execute workflow for Log aggregation and observe reconciliation,Operator converges desired and actual state without errors,Medium,Yes,,,,,,,,Existing,,V1-Hardening,
T0134,Azure,Observability,Alert generation,Validate Alert generation on Azure,Cluster and operator installed,Execute workflow for Alert generation and observe reconciliation,Operator converges desired and actual state without errors,Medium,Yes,,,,,,,,Existing,,V1-Hardening,
T0135,Azure,Failure & Resilience,Pod crash recovery,Validate Pod crash recovery on Azure,Cluster and operator installed,Execute workflow for Pod crash recovery and observe reconciliation,Operator converges desired and actual state without errors,High,Yes,,,,,,,,Existing,,V1,V1-053
T0136,Azure,Failure & Resilience,Node drain,Validate Node drain on Azure,Cluster and operator installed,Execute workflow for Node drain and observe reconciliation,Operator converges desired and actual state without errors,High,Yes,,,,,,,,Existing,,V1,V1-054
T0137,Azure,Failure & Resilience,AZ failure,Validate AZ failure on Azure,Cluster and operator installed,Execute workflow for AZ failure and observe reconciliation,Operator converges desired and actual state without errors,High,Yes,,,,,,,,Existing,,V1-Hardening,
T0138,Azure,Failure & Resilience,Storage latency,Validate Storage latency on Azure,Cluster and operator installed,Execute workflow for Storage latency and observe reconciliation,Operator converges desired and actual state without errors,High,Yes,,,,,,,,Existing,,V1-Hardening,
T0139,Azure,Failure & Resilience,K8s API outage,Validate K8s API outage on Azure,Cluster and operator installed,Execute workflow for K8s API outage and observe reconciliation,Operator converges desired and actual state without errors,High,Yes,,,,,,,,Existing,,V1-Hardening,
T0140,Azure,Failure & Resilience,Neo4j process crash,Validate Neo4j process crash on Azure,Cluster and operator installed,Execute workflow for Neo4j process crash and observe reconciliation,Operator converges desired and actual state without errors,High,Yes,,,,,,,,Existing,,V1,V1-055
T0141,Azure,Failure & Resilience,Secret deletion recovery,Validate Secret deletion recovery on Azure,Cluster and operator installed,Execute workflow for Secret deletion recovery and observe reconciliation,Operator converges desired and actual state without errors,High,Yes,,,,,,,,Existing,,V1,V1-056
T0142,Azure,Performance & Scale,100 databases,Validate 100 databases on Azure,Cluster and operator installed,Execute workflow for 100 databases and observe reconciliation,Operator converges desired and actual state without errors,Medium,Yes,,,,,,,,Existing,,V1-Hardening,
T0143,Azure,Performance & Scale,1000 users,Validate 1000 users on Azure,Cluster and operator installed,Execute workflow for 1000 users and observe reconciliation,Operator converges desired and actual state without errors,Medium,Yes,,,,,,,,Existing,,V1-Hardening,
T0144,Azure,Performance & Scale,Large graph load,Validate Large graph load on Azure,Cluster and operator installed,Execute workflow for Large graph load and observe reconciliation,Operator converges desired and actual state without errors,Medium,Yes,,,,,,,,Existing,,V1-Hardening,
T0145,Azure,Performance & Scale,Concurrent reconciles,Validate Concurrent reconciles on Azure,Cluster and operator installed,Execute workflow for Concurrent reconciles and observe reconciliation,Operator converges desired and actual state without errors,Medium,Yes,,,,,,,,Existing,,V1-Hardening,
T0146,Azure,Performance & Scale,Operator memory usage,Validate Operator memory usage on Azure,Cluster and operator installed,Execute workflow for Operator memory usage and observe reconciliation,Operator converges desired and actual state without errors,Medium,Yes,,,,,,,,Existing,,V1-Hardening,
T0147,Azure,Performance & Scale,Operator CPU usage,Validate Operator CPU usage on Azure,Cluster and operator installed,Execute workflow for Operator CPU usage and observe reconciliation,Operator converges desired and actual state without errors,Medium,Yes,,,,,,,,Existing,,V1-Hardening,
T0148,Azure,Cloud Specific,Load balancer integration,Validate Load balancer integration on Azure,Cluster and operator installed,Execute workflow for Load balancer integration and observe reconciliation,Operator converges desired and actual state without errors,Medium,Yes,,,,,,,,Existing,,V1,V1-032
T0149,Azure,Cloud Specific,Managed disk expansion,Validate Managed disk expansion on Azure,Cluster and operator installed,Execute workflow for Managed disk expansion and observe reconciliation,Operator converges desired and actual state without errors,Medium,Yes,,,,,,,,Existing,,V1,V1-041
T0150,Azure,Cloud Specific,CSI snapshots,Validate CSI snapshots on Azure,Cluster and operator installed,Execute workflow for CSI snapshots and observe reconciliation,Operator converges desired and actual state without errors,Medium,Yes,,,,,,,,Existing,,V2,
T0151,Azure,Cloud Specific,IAM/Workload identity integration,Validate IAM/Workload identity integration on Azure,Cluster and operator installed,Execute workflow for IAM/Workload identity integration and observe reconciliation,Operator converges desired and actual state without errors,Medium,Yes,,,,,,,,Existing,,V1,V1-040
T0152,Azure,Cloud Specific,Private cluster networking,Validate Private cluster networking on Azure,Cluster and operator installed,Execute workflow for Private cluster networking and observe reconciliation,Operator converges desired and actual state without errors,Medium,Yes,,,,,,,,Existing,,V1-Hardening,
T0153,GCP,Installation & Upgrade,Helm install operator,Validate Helm install operator on GCP,Cluster and operator installed,Execute workflow for Helm install operator and observe reconciliation,Operator converges desired and actual state without errors,Medium,Yes,,,,,,,,Existing,,GCP-deferred,
T0154,GCP,Installation & Upgrade,CRD installation,Validate CRD installation on GCP,Cluster and operator installed,Execute workflow for CRD installation and observe reconciliation,Operator converges desired and actual state without errors,Medium,Yes,,,,,,,,Existing,,GCP-deferred,
T0155,GCP,Installation & Upgrade,Operator restart recovery,Validate Operator restart recovery on GCP,Cluster and operator installed,Execute workflow for Operator restart recovery and observe reconciliation,Operator converges desired and actual state without errors,Medium,Yes,,,,,,,,Existing,,GCP-deferred,
T0156,GCP,Installation & Upgrade,Upgrade operator version,Validate Upgrade operator version on GCP,Cluster and operator installed,Execute workflow for Upgrade operator version and observe reconciliation,Operator converges desired and actual state without errors,Medium,Yes,,,,,,,,Existing,,GCP-deferred,
T0157,GCP,Installation & Upgrade,Rollback operator version,Validate Rollback operator version on GCP,Cluster and operator installed,Execute workflow for Rollback operator version and observe reconciliation,Operator converges desired and actual state without errors,Medium,Yes,,,,,,,,Existing,,GCP-deferred,
T0158,GCP,Installation & Upgrade,Namespace isolation,Validate Namespace isolation on GCP,Cluster and operator installed,Execute workflow for Namespace isolation and observe reconciliation,Operator converges desired and actual state without errors,Medium,Yes,,,,,,,,Existing,,GCP-deferred,
T0159,GCP,Installation & Upgrade,RBAC validation,Validate RBAC validation on GCP,Cluster and operator installed,Execute workflow for RBAC validation and observe reconciliation,Operator converges desired and actual state without errors,Medium,Yes,,,,,,,,Existing,,GCP-deferred,
T0160,GCP,Installation & Upgrade,Multi-cluster deployment,Validate Multi-cluster deployment on GCP,Cluster and operator installed,Execute workflow for Multi-cluster deployment and observe reconciliation,Operator converges desired and actual state without errors,Medium,Yes,,,,,,,,Existing,,GCP-deferred,
T0161,GCP,Standalone Deployment,Create standalone instance,Validate Create standalone instance on GCP,Cluster and operator installed,Execute workflow for Create standalone instance and observe reconciliation,Operator converges desired and actual state without errors,Medium,Yes,,,,,,,,Existing,,GCP-deferred,
T0162,GCP,Standalone Deployment,Scale storage,Validate Scale storage on GCP,Cluster and operator installed,Execute workflow for Scale storage and observe reconciliation,Operator converges desired and actual state without errors,Medium,Yes,,,,,,,,Existing,,GCP-deferred,
T0163,GCP,Standalone Deployment,Secret rotation,Validate Secret rotation on GCP,Cluster and operator installed,Execute workflow for Secret rotation and observe reconciliation,Operator converges desired and actual state without errors,Medium,Yes,,,,,,,,Existing,,GCP-deferred,
T0164,GCP,Standalone Deployment,Image version upgrade,Validate Image version upgrade on GCP,Cluster and operator installed,Execute workflow for Image version upgrade and observe reconciliation,Operator converges desired and actual state without errors,Medium,Yes,,,,,,,,Existing,,GCP-deferred,
T0165,GCP,Standalone Deployment,Resource limits,Validate Resource limits on GCP,Cluster and operator installed,Execute workflow for Resource limits and observe reconciliation,Operator converges desired and actual state without errors,Medium,Yes,,,,,,,,Existing,,GCP-deferred,
T0166,GCP,Standalone Deployment,Node failure recovery,Validate Node failure recovery on GCP,Cluster and operator installed,Execute workflow for Node failure recovery and observe reconciliation,Operator converges desired and actual state without errors,Medium,Yes,,,,,,,,Existing,,GCP-deferred,
T0167,GCP,Standalone Deployment,PVC retention,Validate PVC retention on GCP,Cluster and operator installed,Execute workflow for PVC retention and observe reconciliation,Operator converges desired and actual state without errors,Medium,Yes,,,,,,,,Existing,,GCP-deferred,
T0168,GCP,Standalone Deployment,Config change reconciliation,Validate Config change reconciliation on GCP,Cluster and operator installed,Execute workflow for Config change reconciliation and observe reconciliation,Operator converges desired and actual state without errors,Medium,Yes,,,,,,,,Existing,,GCP-deferred,
T0169,GCP,Cluster Deployment,3-node cluster creation,Validate 3-node cluster creation on GCP,Cluster and operator installed,Execute workflow for 3-node cluster creation and observe reconciliation,Operator converges desired and actual state without errors,High,Yes,,,,,,,,Existing,,GCP-deferred,
T0170,GCP,Cluster Deployment,5-node cluster creation,Validate 5-node cluster creation on GCP,Cluster and operator installed,Execute workflow for 5-node cluster creation and observe reconciliation,Operator converges desired and actual state without errors,High,Yes,,,,,,,,Existing,,GCP-deferred,
T0171,GCP,Cluster Deployment,Cluster scale out,Validate Cluster scale out on GCP,Cluster and operator installed,Execute workflow for Cluster scale out and observe reconciliation,Operator converges desired and actual state without errors,High,Yes,,,,,,,,Existing,,GCP-deferred,
T0172,GCP,Cluster Deployment,Cluster scale in,Validate Cluster scale in on GCP,Cluster and operator installed,Execute workflow for Cluster scale in and observe reconciliation,Operator converges desired and actual state without errors,High,Yes,,,,,,,,Existing,,GCP-deferred,
T0173,GCP,Cluster Deployment,Rolling restart,Validate Rolling restart on GCP,Cluster and operator installed,Execute workflow for Rolling restart and observe reconciliation,Operator converges desired and actual state without errors,High,Yes,,,,,,,,Existing,,GCP-deferred,
T0174,GCP,Cluster Deployment,TLS enabled cluster,Validate TLS enabled cluster on GCP,Cluster and operator installed,Execute workflow for TLS enabled cluster and observe reconciliation,Operator converges desired and actual state without errors,High,Yes,,,,,,,,Existing,,GCP-deferred,
T0175,GCP,Cluster Deployment,Cross-zone scheduling,Validate Cross-zone scheduling on GCP,Cluster and operator installed,Execute workflow for Cross-zone scheduling and observe reconciliation,Operator converges desired and actual state without errors,High,Yes,,,,,,,,Existing,,GCP-deferred,
T0176,GCP,Cluster Deployment,Split-brain prevention,Validate Split-brain prevention on GCP,Cluster and operator installed,Execute workflow for Split-brain prevention and observe reconciliation,Operator converges desired and actual state without errors,High,Yes,,,,,,,,Existing,,GCP-deferred,
T0177,GCP,Database CRD,Create database,Validate Create database on GCP,Cluster and operator installed,Execute workflow for Create database and observe reconciliation,Operator converges desired and actual state without errors,Medium,Yes,,,,,,,,Existing,,GCP-deferred,
T0178,GCP,Database CRD,Topology changes,Validate Topology changes on GCP,Cluster and operator installed,Execute workflow for Topology changes and observe reconciliation,Operator converges desired and actual state without errors,Medium,Yes,,,,,,,,Existing,,GCP-deferred,
T0179,GCP,Database CRD,Initial Cypher seed,Validate Initial Cypher seed on GCP,Cluster and operator installed,Execute workflow for Initial Cypher seed and observe reconciliation,Operator converges desired and actual state without errors,Medium,Yes,,,,,,,,Existing,,GCP-deferred,
T0180,GCP,Database CRD,Database deletion,Validate Database deletion on GCP,Cluster and operator installed,Execute workflow for Database deletion and observe reconciliation,Operator converges desired and actual state without errors,Medium,Yes,,,,,,,,Existing,,GCP-deferred,
T0181,GCP,Database CRD,ifNotExists behavior,Validate ifNotExists behavior on GCP,Cluster and operator installed,Execute workflow for ifNotExists behavior and observe reconciliation,Operator converges desired and actual state without errors,Medium,Yes,,,,,,,,Existing,,GCP-deferred,
T0182,GCP,Database CRD,Wait semantics,Validate Wait semantics on GCP,Cluster and operator installed,Execute workflow for Wait semantics and observe reconciliation,Operator converges desired and actual state without errors,Medium,Yes,,,,,,,,Existing,,GCP-deferred,
T0183,GCP,Database CRD,Concurrent database creation,Validate Concurrent database creation on GCP,Cluster and operator installed,Execute workflow for Concurrent database creation and observe reconciliation,Operator converges desired and actual state without errors,Medium,Yes,,,,,,,,Existing,,GCP-deferred,
T0184,GCP,Security,Admin secret rotation,Validate Admin secret rotation on GCP,Cluster and operator installed,Execute workflow for Admin secret rotation and observe reconciliation,Operator converges desired and actual state without errors,High,Yes,,,,,,,,Existing,,GCP-deferred,
T0185,GCP,Security,Native auth,Validate Native auth on GCP,Cluster and operator installed,Execute workflow for Native auth and observe reconciliation,Operator converges desired and actual state without errors,High,Yes,,,,,,,,Existing,,GCP-deferred,
T0186,GCP,Security,Role creation,Validate Role creation on GCP,Cluster and operator installed,Execute workflow for Role creation and observe reconciliation,Operator converges desired and actual state without errors,High,Yes,,,,,,,,Existing,,GCP-deferred,
T0187,GCP,Security,User creation,Validate User creation on GCP,Cluster and operator installed,Execute workflow for User creation and observe reconciliation,Operator converges desired and actual state without errors,High,Yes,,,,,,,,Existing,,GCP-deferred,
T0188,GCP,Security,Role binding,Validate Role binding on GCP,Cluster and operator installed,Execute workflow for Role binding and observe reconciliation,Operator converges desired and actual state without errors,High,Yes,,,,,,,,Existing,,GCP-deferred,
T0189,GCP,Security,Privilege reconciliation,Validate Privilege reconciliation on GCP,Cluster and operator installed,Execute workflow for Privilege reconciliation and observe reconciliation,Operator converges desired and actual state without errors,High,Yes,,,,,,,,Existing,,GCP-deferred,
T0190,GCP,Security,TLS cert rotation,Validate TLS cert rotation on GCP,Cluster and operator installed,Execute workflow for TLS cert rotation and observe reconciliation,Operator converges desired and actual state without errors,High,Yes,,,,,,,,Existing,,GCP-deferred,
T0191,GCP,Security,Network policies,Validate Network policies on GCP,Cluster and operator installed,Execute workflow for Network policies and observe reconciliation,Operator converges desired and actual state without errors,High,Yes,,,,,,,,Existing,,GCP-deferred,
T0192,GCP,Plugins,APOC install,Validate APOC install on GCP,Cluster and operator installed,Execute workflow for APOC install and observe reconciliation,Operator converges desired and actual state without errors,Medium,Yes,,,,,,,,Existing,,GCP-deferred,
T0193,GCP,Plugins,Plugin upgrade,Validate Plugin upgrade on GCP,Cluster and operator installed,Execute workflow for Plugin upgrade and observe reconciliation,Operator converges desired and actual state without errors,Medium,Yes,,,,,,,,Existing,,GCP-deferred,
T0194,GCP,Plugins,Plugin removal,Validate Plugin removal on GCP,Cluster and operator installed,Execute workflow for Plugin removal and observe reconciliation,Operator converges desired and actual state without errors,Medium,Yes,,,,,,,,Existing,,GCP-deferred,
T0195,GCP,Plugins,Plugin reconciliation,Validate Plugin reconciliation on GCP,Cluster and operator installed,Execute workflow for Plugin reconciliation and observe reconciliation,Operator converges desired and actual state without errors,Medium,Yes,,,,,,,,Existing,,GCP-deferred,
T0196,GCP,Backup & Restore,Scheduled backup,Validate Scheduled backup on GCP,Cluster and operator installed,Execute workflow for Scheduled backup and observe reconciliation,Operator converges desired and actual state without errors,High,Yes,,,,,,,,Existing,,GCP-deferred,
T0197,GCP,Backup & Restore,On-demand backup,Validate On-demand backup on GCP,Cluster and operator installed,Execute workflow for On-demand backup and observe reconciliation,Operator converges desired and actual state without errors,High,Yes,,,,,,,,Existing,,GCP-deferred,
T0198,GCP,Backup & Restore,Restore full backup,Validate Restore full backup on GCP,Cluster and operator installed,Execute workflow for Restore full backup and observe reconciliation,Operator converges desired and actual state without errors,High,Yes,,,,,,,,Existing,,GCP-deferred,
T0199,GCP,Backup & Restore,Point-in-time recovery,Validate Point-in-time recovery on GCP,Cluster and operator installed,Execute workflow for Point-in-time recovery and observe reconciliation,Operator converges desired and actual state without errors,High,Yes,,,,,,,,Existing,,GCP-deferred,
T0200,GCP,Backup & Restore,Backup failure handling,Validate Backup failure handling on GCP,Cluster and operator installed,Execute workflow for Backup failure handling and observe reconciliation,Operator converges desired and actual state without errors,High,Yes,,,,,,,,Existing,,GCP-deferred,
T0201,GCP,Backup & Restore,Cross-region restore,Validate Cross-region restore on GCP,Cluster and operator installed,Execute workflow for Cross-region restore and observe reconciliation,Operator converges desired and actual state without errors,High,Yes,,,,,,,,Existing,,GCP-deferred,
T0202,GCP,Sharded Databases,Create sharded database,Validate Create sharded database on GCP,Cluster and operator installed,Execute workflow for Create sharded database and observe reconciliation,Operator converges desired and actual state without errors,Medium,Yes,,,,,,,,Existing,,GCP-deferred,
T0203,GCP,Sharded Databases,Shard rebalance,Validate Shard rebalance on GCP,Cluster and operator installed,Execute workflow for Shard rebalance and observe reconciliation,Operator converges desired and actual state without errors,Medium,Yes,,,,,,,,Existing,,GCP-deferred,
T0204,GCP,Sharded Databases,Shard failure recovery,Validate Shard failure recovery on GCP,Cluster and operator installed,Execute workflow for Shard failure recovery and observe reconciliation,Operator converges desired and actual state without errors,Medium,Yes,,,,,,,,Existing,,GCP-deferred,
T0205,GCP,Observability,Metrics exposure,Validate Metrics exposure on GCP,Cluster and operator installed,Execute workflow for Metrics exposure and observe reconciliation,Operator converges desired and actual state without errors,Medium,Yes,,,,,,,,Existing,,GCP-deferred,
T0206,GCP,Observability,Prometheus scraping,Validate Prometheus scraping on GCP,Cluster and operator installed,Execute workflow for Prometheus scraping and observe reconciliation,Operator converges desired and actual state without errors,Medium,Yes,,,,,,,,Existing,,GCP-deferred,
T0207,GCP,Observability,Health status updates,Validate Health status updates on GCP,Cluster and operator installed,Execute workflow for Health status updates and observe reconciliation,Operator converges desired and actual state without errors,Medium,Yes,,,,,,,,Existing,,GCP-deferred,
T0208,GCP,Observability,Diagnostics collection,Validate Diagnostics collection on GCP,Cluster and operator installed,Execute workflow for Diagnostics collection and observe reconciliation,Operator converges desired and actual state without errors,Medium,Yes,,,,,,,,Existing,,GCP-deferred,
T0209,GCP,Observability,Log aggregation,Validate Log aggregation on GCP,Cluster and operator installed,Execute workflow for Log aggregation and observe reconciliation,Operator converges desired and actual state without errors,Medium,Yes,,,,,,,,Existing,,GCP-deferred,
T0210,GCP,Observability,Alert generation,Validate Alert generation on GCP,Cluster and operator installed,Execute workflow for Alert generation and observe reconciliation,Operator converges desired and actual state without errors,Medium,Yes,,,,,,,,Existing,,GCP-deferred,
T0211,GCP,Failure & Resilience,Pod crash recovery,Validate Pod crash recovery on GCP,Cluster and operator installed,Execute workflow for Pod crash recovery and observe reconciliation,Operator converges desired and actual state without errors,High,Yes,,,,,,,,Existing,,GCP-deferred,
T0212,GCP,Failure & Resilience,Node drain,Validate Node drain on GCP,Cluster and operator installed,Execute workflow for Node drain and observe reconciliation,Operator converges desired and actual state without errors,High,Yes,,,,,,,,Existing,,GCP-deferred,
T0213,GCP,Failure & Resilience,AZ failure,Validate AZ failure on GCP,Cluster and operator installed,Execute workflow for AZ failure and observe reconciliation,Operator converges desired and actual state without errors,High,Yes,,,,,,,,Existing,,GCP-deferred,
T0214,GCP,Failure & Resilience,Storage latency,Validate Storage latency on GCP,Cluster and operator installed,Execute workflow for Storage latency and observe reconciliation,Operator converges desired and actual state without errors,High,Yes,,,,,,,,Existing,,GCP-deferred,
T0215,GCP,Failure & Resilience,K8s API outage,Validate K8s API outage on GCP,Cluster and operator installed,Execute workflow for K8s API outage and observe reconciliation,Operator converges desired and actual state without errors,High,Yes,,,,,,,,Existing,,GCP-deferred,
T0216,GCP,Failure & Resilience,Neo4j process crash,Validate Neo4j process crash on GCP,Cluster and operator installed,Execute workflow for Neo4j process crash and observe reconciliation,Operator converges desired and actual state without errors,High,Yes,,,,,,,,Existing,,GCP-deferred,
T0217,GCP,Failure & Resilience,Secret deletion recovery,Validate Secret deletion recovery on GCP,Cluster and operator installed,Execute workflow for Secret deletion recovery and observe reconciliation,Operator converges desired and actual state without errors,High,Yes,,,,,,,,Existing,,GCP-deferred,
T0218,GCP,Performance & Scale,100 databases,Validate 100 databases on GCP,Cluster and operator installed,Execute workflow for 100 databases and observe reconciliation,Operator converges desired and actual state without errors,Medium,Yes,,,,,,,,Existing,,GCP-deferred,
T0219,GCP,Performance & Scale,1000 users,Validate 1000 users on GCP,Cluster and operator installed,Execute workflow for 1000 users and observe reconciliation,Operator converges desired and actual state without errors,Medium,Yes,,,,,,,,Existing,,GCP-deferred,
T0220,GCP,Performance & Scale,Large graph load,Validate Large graph load on GCP,Cluster and operator installed,Execute workflow for Large graph load and observe reconciliation,Operator converges desired and actual state without errors,Medium,Yes,,,,,,,,Existing,,GCP-deferred,
T0221,GCP,Performance & Scale,Concurrent reconciles,Validate Concurrent reconciles on GCP,Cluster and operator installed,Execute workflow for Concurrent reconciles and observe reconciliation,Operator converges desired and actual state without errors,Medium,Yes,,,,,,,,Existing,,GCP-deferred,
T0222,GCP,Performance & Scale,Operator memory usage,Validate Operator memory usage on GCP,Cluster and operator installed,Execute workflow for Operator memory usage and observe reconciliation,Operator converges desired and actual state without errors,Medium,Yes,,,,,,,,Existing,,GCP-deferred,
T0223,GCP,Performance & Scale,Operator CPU usage,Validate Operator CPU usage on GCP,Cluster and operator installed,Execute workflow for Operator CPU usage and observe reconciliation,Operator converges desired and actual state without errors,Medium,Yes,,,,,,,,Existing,,GCP-deferred,
T0224,GCP,Cloud Specific,Load balancer integration,Validate Load balancer integration on GCP,Cluster and operator installed,Execute workflow for Load balancer integration and observe reconciliation,Operator converges desired and actual state without errors,Medium,Yes,,,,,,,,Existing,,GCP-deferred,
T0225,GCP,Cloud Specific,Managed disk expansion,Validate Managed disk expansion on GCP,Cluster and operator installed,Execute workflow for Managed disk expansion and observe reconciliation,Operator converges desired and actual state without errors,Medium,Yes,,,,,,,,Existing,,GCP-deferred,
T0226,GCP,Cloud Specific,CSI snapshots,Validate CSI snapshots on GCP,Cluster and operator installed,Execute workflow for CSI snapshots and observe reconciliation,Operator converges desired and actual state without errors,Medium,Yes,,,,,,,,Existing,,GCP-deferred,
T0227,GCP,Cloud Specific,IAM/Workload identity integration,Validate IAM/Workload identity integration on GCP,Cluster and operator installed,Execute workflow for IAM/Workload identity integration and observe reconciliation,Operator converges desired and actual state without errors,Medium,Yes,,,,,,,,Existing,,GCP-deferred,
T0228,GCP,Cloud Specific,Private cluster networking,Validate Private cluster networking on GCP,Cluster and operator installed,Execute workflow for Private cluster networking and observe reconciliation,Operator converges desired and actual state without errors,Medium,Yes,,,,,,,,Existing,,GCP-deferred,
GAP-001,Cross-cloud / PRD-specific,Functional,Create HA cluster from valid Neo4jCluster manifest,Extend existing broad test: Create HA cluster from valid Neo4jCluster manifest,Operator installed; cert-manager available; storage class exists,Apply valid Neo4jCluster with primaries and secondaries; observe created resources; wait for status,"StatefulSets, services, certificate, and secrets exist; status Ready=True within 2 minutes",Critical,Yes,,,,,"Existing covers cluster creation, but not the full Neo4jCluster manifest acceptance detail for StatefulSets, services, certs, secrets, Ready within 2 minutes.",TC-001,F-1;CW-1,Partial,3-node cluster creation; 5-node cluster creation; TLS enabled cluster,V1,V1-028
GAP-002,Cross-cloud / PRD-specific,Functional,Validate required Neo4jCluster fields and default edition,Extend existing broad test: Validate required Neo4jCluster fields and default edition,Admission webhook enabled,Apply manifest omitting optional edition; inspect defaulted object and OpenAPI validation,Edition is defaulted; required fields enforced; object accepted only when schema-valid,High,Yes,,,,,"Existing covers CRD installation, but not required-field validation and edition defaulting.",TC-002,F-1;F-12,Partial,CRD installation,V1,V1-017
GAP-003,Cross-cloud / PRD-specific,Functional,Reject malformed cluster topology,Add missing PRD test: Reject malformed cluster topology,Admission webhook enabled,Apply Neo4jCluster with missing topology or invalid storage field,Admission rejects request with clear validation message,High,Yes,,,,,No negative malformed Neo4jCluster topology/schema rejection test.,TC-003,F-1;F-12,Missing,,V1,V1-018
GAP-004,Cross-cloud / PRD-specific,Upgrade,Patch upgrade rolls in safe order,Extend existing broad test: Patch upgrade rolls in safe order,Healthy clustered deployment; synthetic Bolt/HTTP probes running,Change image tag to patch version; observe rollout order and RAFT role checks,"Secondaries roll first, then non-leader primaries, leader last; no 5xx; UpgradeInProgress=False",Critical,Yes,,,,,"Existing covers generic upgrade, not ordered secondaries/non-leader/leader rollout with RAFT checks and no 5xx probes.",TC-004,F-2;CW-2;NFR-AV-2,Partial,Upgrade operator version; Image version upgrade; Rolling restart,V1,V1-029
GAP-005,Cross-cloud / PRD-specific,Upgrade,Block upgrade requiring major store migration,Add missing PRD test: Block upgrade requiring major store migration,Healthy cluster; target version known to require store migration,Change image tag to major incompatible version or migration-needed build,Operator dry-run fails; status Blocked; no rollout starts,Critical,Partial,,,,,No test that blocks upgrades requiring major store migration.,TC-005,F-2;CW-2,Missing,,V1,V1-031
GAP-006,Cross-cloud / PRD-specific,Upgrade,Rollback current upgrade step on readiness failure,Extend existing broad test: Rollback current upgrade step on readiness failure,Cluster under upgrade; ability to inject pod readiness failure,Trigger upgrade and force one updated pod to fail readiness,Operator rolls back or halts current step; Event escalated; cluster remains serviceable,High,Partial,,,,,"Existing covers rollback broadly, not rollback or halt on pod readiness failure during a current upgrade step.",TC-006,F-2;CW-2;NFR-REL-1,Partial,Rollback operator version,V1-Hardening,
GAP-007,Cross-cloud / PRD-specific,Restore,Restore from backup verifies checksum,Extend existing broad test: Restore from backup verifies checksum,Known successful backup with checksum available,Create new cluster with restoreFrom backup reference; monitor init container and readiness,Cluster Ready=True; restored checksum matches source,High,Partial,,,,,"Existing covers full restore, not checksum validation and restored-data integrity evidence.",TC-009,F-3;CW-5;NFR-PERF-3,Partial,Restore full backup,V2,
GAP-008,Cross-cloud / PRD-specific,Security,AWS IRSA service account is annotated and used for backup,Extend existing broad test: AWS IRSA service account is annotated and used for backup,AWS test cluster with IRSA configured,Apply backup spec using auto-created cloud identity; inspect service account and job pod,Service account has expected IRSA annotation; job uses pod identity; no static key secret required,High,Yes,,,,,"Existing covers cloud identity broadly, not AWS IRSA service-account annotations and static-key absence.",TC-010,F-4;NFR-SEC-2,Partial,IAM/Workload identity integration,AWS-followon,
GAP-009,Cross-cloud / PRD-specific,Security,Reject mismatched provider annotations,Add missing PRD test: Reject mismatched provider annotations,Webhook enabled; service account exists,Apply cloud identity config with mismatched provider annotation,Webhook rejects object with provider-specific error,High,Yes,,,,,No negative test for mismatched cloud provider annotations.,TC-011,F-4;NFR-SEC-2,Missing,,V2,
GAP-010,Cross-cloud / PRD-specific,Security,GCP Workload Identity and Azure Managed Identity validation,Extend existing broad test: GCP Workload Identity and Azure Managed Identity validation,GKE and AKS test environments available,Run provider-specific identity backup smoke tests in GKE and AKS,Provider identity is accepted and backup job authenticates without static secrets,Medium,Partial,,,,,"Existing has cloud identity tests for Azure/GCP, but not the specific GCP Workload Identity and Azure Managed Identity validation detail.",TC-012,F-4,Partial,IAM/Workload identity integration,V1,V1-042
GAP-011,Cross-cloud / PRD-specific,Security,Cert-Manager certificate creates TLS secret and enables encrypted traffic,Extend existing broad test: Cert-Manager certificate creates TLS secret and enables encrypted traffic,cert-manager installed; Neo4jCluster applied,Inspect Certificate and Secret; connect over Bolt/HTTP TLS,Certificate Ready; client and inter-pod traffic use TLS; no plaintext endpoint accepted,Critical,Yes,,,,,"Existing covers TLS-enabled cluster, not Cert-Manager Certificate and Secret verification plus plaintext rejection.",TC-013,F-5;CW-7;NFR-SEC-3,Partial,TLS enabled cluster,V1,V1-039
GAP-012,Cross-cloud / PRD-specific,Security,External auth secret mounts and liveness probe validates auth,Add missing PRD test: External auth secret mounts and liveness probe validates auth,LDAP/Kerberos/SSO provider test config available,Apply external auth configuration and secret; inspect pod mounts and liveness probe results,Provider config secret mounted; auth probe passes; cluster Ready=True,Medium,Partial,,,,,No external auth provider config secret mount and liveness-auth probe test.,TC-015,F-6,Missing,,V2,
GAP-013,Cross-cloud / PRD-specific,Security,Invalid external auth config degrades cluster visibly,Add missing PRD test: Invalid external auth config degrades cluster visibly,External auth enabled,Apply invalid auth provider config,Liveness auth probe fails; Condition=Degraded or equivalent error Event set,Medium,Partial,,,,,No negative external auth degradation test.,TC-016,F-6,Missing,,V2,
GAP-014,Cross-cloud / PRD-specific,Networking,Headless and client services are created,Extend existing broad test: Headless and client services are created,Neo4jCluster Ready,Inspect Kubernetes services and endpoints after cluster creation,Headless and client services exist with healthy endpoints,Medium,Yes,,,,,"Existing covers cluster/networking broadly, not explicit headless and client Service endpoint checks.",TC-017,F-7,Partial,Cluster creation; Load balancer integration,V1,V1-033
GAP-015,Cross-cloud / PRD-specific,Networking,Optional ingress supports Bolt sticky sessions,Extend existing broad test: Optional ingress supports Bolt sticky sessions,Ingress controller available; ingress enabled in spec,Apply cluster with ingress enabled; connect multiple Bolt sessions through ingress,Ingress routes to service; Bolt sessions remain stable,Medium,Partial,,,,,"Existing covers networking broadly, not optional L7 ingress with Bolt sticky sessions.",TC-018,F-7,Partial,Load balancer integration; Private cluster networking,V1,V1-034
GAP-016,Cross-cloud / PRD-specific,Scaling,Reject invalid primary count,Add missing PRD test: Reject invalid primary count,Webhook enabled,Attempt to set primaries below 3 or to an even number,Admission rejects change with clear error,High,Yes,,,,,No invalid primary count rejection test.,TC-020,F-8;CW-3;F-12,Missing,,V1,V1-030
GAP-017,Cross-cloud / PRD-specific,Observability,Fatal controller error sets Degraded condition,Extend existing broad test: Fatal controller error sets Degraded condition,Fault injection available,Inject dependency failure in one controller path,Controller uses exponential backoff; Condition=Degraded for fatal error,High,Partial,,,,,"Existing covers health/alerts broadly, not fatal controller error with Condition=Degraded and exponential backoff evidence.",TC-022,F-9;NFR-REL-1,Partial,Health status updates; Alert generation,V1,V1-010
GAP-018,Cross-cloud / PRD-specific,Observability,"Prometheus metrics include operator, custom, and UI series","Extend existing broad test: Prometheus metrics include operator, custom, and UI series",Prometheus scraping enabled,Scrape metrics endpoint after normal cluster operations,"controller_runtime, neo4j custom, and ui_http_requests_total metrics available",Medium,Yes,,,,,"Existing covers metrics and Prometheus, not combined operator/custom/UI metric set.",TC-023,F-10;NFR-OBS-1,Partial,Metrics exposure; Prometheus scraping,V1,V1-048
GAP-019,Cross-cloud / PRD-specific,Observability,"OTEL spans include reconcile, Cypher, and proxy calls","Add missing PRD test: OTEL spans include reconcile, Cypher, and proxy calls",OTEL collector configured,"Run cluster reconcile, security change, and UI proxy request","Traces include reconcile, cypher.exec, and proxy.forward spans with trace IDs in logs",Medium,Partial,,,,,"No OpenTelemetry span coverage for reconcile, Cypher, and proxy calls.",TC-024,F-10;NFR-OBS-2,Missing,,V2,
GAP-020,Cross-cloud / PRD-specific,Security,Admin secret is configurable and mounted read-only,Add missing PRD test: Admin secret is configurable and mounted read-only,Admin secret exists,Set admin secret name in values/spec; inspect pod volume mount,Configured secret is mounted read-only; no writable credential mount,High,Yes,,,,,No admin secret configurability plus read-only mount verification.,TC-025,F-11;NFR-SEC-2,Missing,,V1-Hardening,
GAP-021,Cross-cloud / PRD-specific,Validation,Webhook latency remains under 500 ms,Add missing PRD test: Webhook latency remains under 500 ms,Webhook endpoint instrumented; load generator available,Submit valid and invalid admission requests under representative load,p95 admission latency below 500 ms,High,Partial,,,,,No webhook latency under 500 ms performance test.,TC-026,F-12,Missing,,V1-Hardening,
GAP-022,Cross-cloud / PRD-specific,Validation,Username regex and privilege grammar are enforced,Add missing PRD test: Username regex and privilege grammar are enforced,Webhook enabled,Apply invalid username and malformed GRANT statement,Both requests rejected with specific validation messages,High,Yes,,,,,No negative username regex and privilege grammar admission test.,TC-027,F-12;F-14;F-16,Missing,,V2,
GAP-023,Cross-cloud / PRD-specific,Security,Suspended user cannot authenticate,Add missing PRD test: Suspended user cannot authenticate,Existing user CR supports suspended field,Set suspended=true for user; attempt login,Login denied; user status reconciled,High,Partial,,,,,No suspended-user authentication denial test.,TC-030,F-14,Missing,,V2,
GAP-024,Cross-cloud / PRD-specific,Security,Duplicate role name is rejected,Add missing PRD test: Duplicate role name is rejected,Role already exists,Apply duplicate Neo4jRole with same target name,Webhook rejects duplicate or controller reports clear error,High,Yes,,,,,No duplicate role-name rejection test.,TC-032,F-15;CW-6,Missing,,V2,
GAP-025,Cross-cloud / PRD-specific,Security,"Neo4jGrant applies GRANT, DENY, and REVOKE statements","Extend existing broad test: Neo4jGrant applies GRANT, DENY, and REVOKE statements",User and Role exist,Apply Neo4jGrant statements with whenNotMatched policy,Statements applied; Ready=True; privilege graph updated if UI present,High,Partial,,,,,"Existing covers privilege reconciliation broadly, not explicit GRANT, DENY, and REVOKE statement handling.",TC-033,F-16;F-17;CW-6,Partial,Privilege reconciliation,V2,
GAP-026,Cross-cloud / PRD-specific,Security,whenNotMatched=error fails missing target,Add missing PRD test: whenNotMatched=error fails missing target,Cluster Ready,Apply Neo4jGrant pointing at absent user/role with whenNotMatched=error,Condition=Error or webhook reject; no unintended privilege created,High,Partial,,,,,No whenNotMatched=error missing-target test.,TC-034,F-16,Missing,,V2,
GAP-027,Cross-cloud / PRD-specific,Security,Security reconcile order is Roles to Grants to Users,Add missing PRD test: Security reconcile order is Roles to Grants to Users,"Apply dependent Role, Grant, User resources together",Observe controller execution and final state,Roles reconcile before Grants before Users; all Ready=True,High,Partial,,,,,"No explicit security reconcile order test: Roles, then Grants, then Users.",TC-035,F-17,Missing,,V2,
GAP-028,Cross-cloud / PRD-specific,Reliability,Re-applying identical security CRDs produces zero changes,Extend existing broad test: Re-applying identical security CRDs produces zero changes,Security CRDs Ready,Re-apply same manifests and compare resource versions/hash annotations/logs,No Cypher flapping; hash annotation prevents redundant execution,High,Yes,,,,,"Existing references reconciliation/idempotency broadly, but has no explicit zero-change re-apply/hash annotation test.",TC-036,F-18;NFR-REL-2,Partial,Config change reconciliation; Coverage Matrix says drift correction and idempotency,V1-Hardening,
GAP-029,Cross-cloud / PRD-specific,UI,UI cluster wizard generates valid YAML and submits cluster,Add missing PRD test: UI cluster wizard generates valid YAML and submits cluster,UI enabled; user authorized,Complete Cluster wizard and review generated YAML; submit,YAML is schema-valid; cluster resource created; status visible,Low,Partial,,,,,No UI cluster wizard/YAML generation test.,TC-037,F-19,Missing,,Out,
GAP-030,Cross-cloud / PRD-specific,UI,UI SSE streams live status updates,Add missing PRD test: UI SSE streams live status updates,UI enabled; cluster operation in progress,Open dashboard and perform backup or scale action,SSE stream updates status without full page refresh; metrics record latency,Low,Partial,,,,,No UI SSE live status stream test.,TC-038,F-19;F-24,Missing,,Out,
GAP-031,Cross-cloud / PRD-specific,UI,Namespace picker only lists authorized namespaces,Add missing PRD test: Namespace picker only lists authorized namespaces,Two users with different namespace permissions exist,Open UI as each user; compare namespace picker entries,Only namespaces allowed by SelfSubjectAccessReview are visible,Medium,Partial,,,,,No UI namespace picker authorization test using SelfSubjectAccessReview.,TC-039,F-20,Missing,,Out,
GAP-032,Cross-cloud / PRD-specific,Fleet,Prefix watch mode auto-onboards team namespace,Add missing PRD test: Prefix watch mode auto-onboards team namespace,Operator installed with watch prefix team-,Create namespace team-foo and apply cluster there,Namespace appears within 60 seconds; cluster reconciles correctly,Medium,Partial,,,,,No prefix watch-mode namespace auto-onboarding test.,TC-040,F-21;CW-8,Missing,,Out,
GAP-033,Cross-cloud / PRD-specific,Performance,Dynamic cache remains under memory target at 500 namespaces,Extend existing broad test: Dynamic cache remains under memory target at 500 namespaces,Scale test cluster can create 500 namespaces and 50 clusters,"Run fleet watch load test with CRDs, Certificates, StatefulSets, Jobs only",RSS at or below 200 MiB; no OOM; cache only watches expected resource kinds,High,Partial,,,,,"Existing covers operator memory broadly, not CRD-only dynamic cache at 500 namespaces and 50 clusters.",TC-042,F-22;NFR-PERF-2,Partial,Operator memory usage,Out,
GAP-034,Cross-cloud / PRD-specific,Security,"ClusterRole has no wildcard, escalate, or impersonate","Extend existing broad test: ClusterRole has no wildcard, escalate, or impersonate",Rendered Helm manifests available,Scan RBAC manifests for wildcard verbs/resources and forbidden verbs,No wildcard verbs; no escalate; no impersonate; per-namespace Role used for leader election,Critical,Yes,,,,,"Existing covers RBAC broadly, not static scan for no wildcard verbs, no escalate, and no impersonate.",TC-043,F-23;NFR-SEC-1,Partial,RBAC validation,V1,V1-006
GAP-035,Cross-cloud / PRD-specific,Security,Leader election uses namespaced Role,Add missing PRD test: Leader election uses namespaced Role,Operator installed,Inspect Role/RoleBinding and Lease access,Leader election resources are namespaced and least-privileged,High,Yes,,,,,No leader-election namespaced Role least-privilege test.,TC-044,F-23,Missing,,V1,V1-007
GAP-036,Cross-cloud / PRD-specific,UI,UI logs are structured and omit secrets,Add missing PRD test: UI logs are structured and omit secrets,UI enabled; logging captured,"Perform login, namespace selection, and wizard actions","Logs are structured; no token, password, or secret material appears",Low,Partial,,,,,No UI structured logging and secret-redaction test.,TC-045,F-24;NFR-OBS-2,Missing,,Out,
GAP-037,Cross-cloud / PRD-specific,Availability,Operator pod crash recovers reconcile within 15 seconds,Extend existing broad test: Operator pod crash recovers reconcile within 15 seconds,Leader election enabled; workload changing,Delete active operator pod during reconcile; measure handoff and reconciliation gap,Reconcile resumes within 15 seconds; no missed events,Critical,Partial,,,,,"Existing covers restart/crash recovery broadly, not reconcile resumption within 15 seconds.",TC-046,NFR-AV-1;CW-9,Partial,Operator restart recovery; Pod crash recovery,V1,V1-008
GAP-038,Cross-cloud / PRD-specific,Performance,Reconcile latency p95 below 1 second,Extend existing broad test: Reconcile latency p95 below 1 second,Metrics enabled; representative CRD update stream,Submit CRD updates and measure time to first controller action,p95 latency below 1 second,High,Partial,,,,,"Existing covers load broadly, not p95 reconcile latency below 1 second from CRD change to first action.",TC-047,NFR-PERF-1,Partial,Concurrent reconciles; Operator CPU usage,V1-Hardening,
GAP-039,Cross-cloud / PRD-specific,Performance,Backup throughput meets 150 MB/s target,Add missing PRD test: Backup throughput meets 150 MB/s target,Large dataset and object store available,Run backup streaming benchmark under normal network conditions,Sustained throughput at least 150 MB/s where network permits,Medium,Partial,,,,,No backup throughput benchmark at 150 MB/s.,TC-048,NFR-PERF-3,Missing,,V2,
GAP-040,Cross-cloud / PRD-specific,Reliability,Controller retries use exponential backoff capped at 5 minutes,Add missing PRD test: Controller retries use exponential backoff capped at 5 minutes,Fault injection available,Force repeated controller failure and inspect retry schedule,Backoff increases exponentially and does not exceed 5 minutes,High,Partial,,,,,No exponential backoff capped at 5 minutes test.,TC-050,NFR-REL-1,Missing,,V1,V1-009
GAP-041,Cross-cloud / PRD-specific,Maintainability,CRD conversion webhook preserves objects during operator upgrade,Extend existing broad test: CRD conversion webhook preserves objects during operator upgrade,Existing v1alpha2 objects; new CRD version available,Run Helm upgrade that changes CRD schema; inspect converted objects,No breaking field removals; previously Ready clusters remain Ready,High,Partial,,,,,"Existing covers CRD install and upgrade broadly, not conversion webhook preservation during schema upgrade.",TC-051,NFR-MAINT-1;CW-9,Partial,CRD installation; Upgrade operator version,V2,
GAP-042,Cross-cloud / PRD-specific,Maintainability,Helm chart SemVer policy is enforced,Add missing PRD test: Helm chart SemVer policy is enforced,Chart changes available in release branch,Compare chart version bump to values/schema changes,Breaking values change has major bump; non-breaking follows SemVer,Medium,Yes,,,,,No Helm chart SemVer policy test.,TC-052,NFR-MAINT-2,Missing,,V1-Hardening,
GAP-043,Cross-cloud / PRD-specific,UI,UI latency p95 below 300 ms under 50 req/s,Add missing PRD test: UI latency p95 below 300 ms under 50 req/s,UI enabled; load test tool available,Run 50 req/s against backed endpoints while normal operations run,p95 HTTP latency below 300 ms,Medium,Partial,,,,,No UI latency p95 below 300 ms under 50 req/s test.,TC-053,NFR-UX-1,Missing,,Out,
GAP-044,Cross-cloud / PRD-specific,UI,UI meets keyboard navigation and WCAG AA contrast,Add missing PRD test: UI meets keyboard navigation and WCAG AA contrast,UI build available,Run automated accessibility checks and keyboard-only smoke path,No critical WCAG 2.1 AA contrast or keyboard blockers,Medium,Partial,,,,,No UI accessibility and keyboard navigation test.,TC-054,NFR-UX-1,Missing,,Out,
GAP-045,Cross-cloud / PRD-specific,Portability,"Operator conformance across EKS, GKE, AKS, OpenShift","Extend existing broad test: Operator conformance across EKS, GKE, AKS, OpenShift",Target clusters available,"Run cluster provisioning, backup, upgrade, scale smoke tests on each distribution",All target distributions pass conformance smoke suite,High,Partial,,,,,"Existing covers AWS, Azure, and GCP, but not OpenShift and not conformance smoke acceptance across all distributions.",TC-055,NFR-PORT-1,Partial,AWS/Azure/GCP cloud matrix,OpenShift-deferred,
GAP-046,Cross-cloud / PRD-specific,Audit,Security changes produce one-year traceable evidence,Add missing PRD test: Security changes produce one-year traceable evidence,GitOps and UI change paths available,Make User/Role/Grant changes via Git and UI; collect Events and timeline,Events emitted; change traceable via Git history or UI timeline; retention policy covers at least one year,High,Partial,,,,,No one-year security audit-trail evidence test for User/Role/Grant changes.,TC-056,NFR-AUD-1;F-14;F-15;F-16,Missing,,V2,
GAP-047,Cross-cloud / PRD-specific,Documentation,"Release docs include CRD spec, Helm values, and UI guide","Add missing PRD test: Release docs include CRD spec, Helm values, and UI guide",Release candidate available,"Inspect published docs for API spec, Helm README value matrix, and UI guide",All required docs exist and match release version,Medium,Yes,,,,,"No release documentation completeness test for CRD spec, Helm values, and UI guide.",TC-057,NFR-DOC-1,Missing,,V1-Hardening,
GAP-048,Cross-cloud / PRD-specific,Workflow,Provisioning failure branches are visible,Add missing PRD test: Provisioning failure branches are visible,Ability to induce cert failure and quorum failure,"Create cluster with cert issuer failure, then with bad storage preventing quorum",Condition=Degraded and Events identify cert or quorum failure; UI red banner if UI enabled,High,Partial,,,,,No provisioning failure-branch visibility test for cert failure and quorum failure.,TC-058,CW-1,Missing,,V1,V1-049
GAP-049,Cross-cloud / PRD-specific,Fleet,Cache OOM guard alert fires above memory threshold,Extend existing broad test: Cache OOM guard alert fires above memory threshold,Fleet metrics and alerting configured,Simulate namespace growth or cache pressure above 200 MiB,Metric/alert fires before OOM; operator remains responsive,Medium,Partial,,,,,"Existing covers memory and alerts broadly, not cache OOM guard alert above 200 MiB.",TC-059,CW-8;F-22,Partial,Operator memory usage; Alert generation,Out,
GAP-050,Cross-cloud / PRD-specific,Upgrade,Leader election conflict recovers during operator upgrade,Extend existing broad test: Leader election conflict recovers during operator upgrade,Multiple operator replicas; Helm upgrade in progress,Induce lease conflict during upgrade by restarting pods,Kubernetes restarts affected pod; leader acquired; controllers resume without missed events,Critical,Partial,,,,,"Existing covers restart/upgrade broadly, not leader-election conflict recovery during upgrade.",TC-060,CW-9;NFR-AV-1,Partial,Operator restart recovery; Upgrade operator version.,V1-Hardening,
